BOX,FAMILY,PREDATOR,MATE,MASS,ST1,ST2,ST3,SL1,SL2,SL3,Age_Morph,AFR,SFR_Mass,SFR_SL
1,7,P,M,151,0.4,0.36,0.38,10.09,10,10.08,93,93,139,10.07
2,19,NP,NM,152,0.17,0.16,0.17,10.74,10.83,10.92,93,114,187,11.97
3,12,NP,M,30,0.16,0.08,0.12,6.95,6.36,6.29,93,72,34,6.67
4,22,P,M,89,0.19,0.2,0.2,8.49,8.66,8.48,93,,,
5,25,NP,M,50,0.19,0.19,0.16,7.55,7.4,7.61,93,95,53,7.34
6,19,P,M,97,0.21,0.27,0.22,9.63,9.57,9.4,93,93,88,9.07
7,7,P,M,140,0.32,0.36,0.27,10.89,10.63,10.68,93,74,155,10.63
8,2,NP,M,40,0.06,0.09,0.08,7.59,7.64,7.76,90,86,45,7.74
9,23,NP,M,96,0.14,0.12,0.16,9.2,9.48,9.54,93,67,95,9.58
10,5,NP,M,22,0.06,0.11,0.09,5.83,5.95,5.82,93,74,33,5.7
11,25,NP,NM,240,0.17,0.15,0.19,12.54,12.6,12.63,93,,,
12,4,P,M,69,0.28,0.28,0.29,8.65,8.68,8.54,93,74,71,8.31
13,3,P,M,126,0.21,0.17,0.19,9.89,10.1,9.65,93,,,
14,30,P,M,82,0.27,0.28,0.28,8.52,8.58,8.69,93,100,80,8.54
15,28,NP,M,30,0.06,0.06,1,7.16,6.96,6.87,80,53,24,5.7
16,22,P,M,217,0.32,0.28,0.29,11.85,11.95,11.83,93,100,220,11.81
17,11,NP,M,47,0.11,0.06,0.1,7.4,7.66,7.51,93,137,75,8.82
18,7,P,NM,125,0.25,0.22,0.26,9.96,10.34,10.33,93,,,
19,21,NP,NM,37,0.18,0.17,0.22,9.35,9.33,9.33,93,,,
20,16,P,NM,167,0.38,0.36,0.37,10.38,10.84,10.93,93,,,
21,11,NP,NM,99,0.16,0.17,0.17,9.11,9.34,9.19,93,,,
22,30,NP,M,58,0.11,0.12,0.15,8.18,8.13,8.51,93,88,72,8.14
23,7,NP,M,147,0.21,0.21,0.22,10.66,10.92,11.14,93,83,137,10.7
24,25,P,M,125,0.27,0.28,0.27,10.35,10.94,10.53,93,100,139,10.65
25,2,NP,M,94,0.13,0.14,0.15,9.83,9.84,10.04,93,65,104,9.52
26,21,P,M,86,0.23,0.25,0.26,8.76,8.77,8.92,93,100,84,7.96
27,10,P,M,84,0.2,0.2,0.17,9,8.95,8.98,93,,,
28,2,P,NM,58,0.19,0.19,0.16,8.01,8.18,8.06,93,275,207,11.91
29,23,P,NM,134,0.4,0.37,0.4,10.59,10.97,10.58,93,,,
30,20,NP,M,51,0.07,0.1,0.06,7.67,7.56,7.73,93,102,47,7.97
31,6,NP,M,50,0.14,0.15,0.13,7.64,7.63,7.87,88,80,52,7.65
32,5,P,M,83,0.19,0.26,0.3,8.98,9.02,8.85,86,65,85,8.57
33,14,P,M,71,0.17,0.19,0.18,8.59,8.48,8.36,93,86,78,8.61
34,26,NP,M,58,0.18,0.11,0.13,8.13,8.2,8.4,93,88,64,8.48
35,9,NP,M,98,0.15,0.14,0.2,9.26,9.32,9.33,93,80,101,9.47
36,2,P,NM,190,0.22,0.28,0.27,12.56,12.57,12.74,93,,,
37,8,NP,M,127,0.11,0.16,0.12,9.73,9.97,10.2,93,72,121,9.93
38,1,P,NM,102,0.29,0.28,0.29,9.52,9.4,9.31,93,,,
39,1,NP,M,27,0.02,0.03,0.03,5.87,5.6,5.52,93,72,19,5.7
40,26,P,NM,243,0.34,0.32,0.32,12.58,12.5,12.57,93,,,
41,27,NP,M,46,0.15,0.11,0.09,7.58,7.66,7.39,93,83,62,7.55
42,18,NP,NM,153,0.22,0.12,0.19,10.74,10.91,10.99,93,,,
43,11,NP,NM,105,0.11,0.11,0.14,10.23,9.91,10.28,93,,,
44,20,P,NM,90,0.29,0.27,0.3,8.7,8.77,8.71,93,,,
45,27,P,M,77,0.14,0.11,0.13,8.67,8.85,8.89,93,80,77,8.82
46,5,NP,M,75,0.02,0.03,0.03,8.52,8.92,8.96,93,65,66,8.28
47,12,NP,M,35,0.08,0.07,0.07,6.93,6.48,6.7,93,67,33,6.73
48,3,NP,M,70,0.08,0.12,0.16,8.73,8.25,8.19,93,74,65,8.03
49,29,P,M,101,0.1,0.1,0.08,9.28,9.55,9.66,93,95,111,9.03
50,6,NP,M,63,0.07,0.1,0.11,7.9,8.2,7.97,93,65,49,7.39
51,8,NP,NM,196,0.23,0.15,0.15,11.9,11.79,12.08,93,,,
52,17,P,M,89,0.13,0.16,0.16,8.88,9.17,9.09,93,,,
53,23,NP,NM,152,0.08,0.12,0.08,10.24,10.48,10.73,93,172,84,9.16
54,5,P,NM,94,0.23,0.25,0.24,9.89,9.96,9.34,93,163,128,10.4
55,12,NP,NM,10,0.01,0.01,0.01,3.95,3.79,3.85,93,,,
56,24,P,M,50,0.1,0.1,0.1,7.29,7.73,7.45,93,109,61,8.2
57,2,NP,M,53,0.16,0.17,0.18,8.52,8.59,8.52,88,65,55,8.45
58,1,NP,M,93,0.07,0.08,0.03,9.29,9.3,9.49,93,67,48,7.23
59,30,P,M,92,0.18,0.16,0.13,9.33,8.75,8.98,93,93,92,9.33
60,11,P,NM,80,0.23,0.24,0.25,9.13,8.63,9.08,93,,,
61,18,NP,M,80,0.07,0.1,0.11,8.63,8.96,8.88,93,72,81,8.69
62,5,P,M,77,0.37,0.36,0.39,8.36,8.69,8.62,93,74,90,8.71
63,6,P,NM,93,0.24,0.19,0.17,9.48,9.19,9.38,93,,,
64,14,P,M,81,0.16,0.18,0.18,9.2,9.4,9.31,93,93,81,9.2
65,2,P,M,139,0.34,0.32,0.29,11.11,11.29,11.67,93,114,163,11.99
66,23,P,M,149,0.24,0.22,0.26,10.72,10.6,10.79,93,80,149,10.71
67,27,NP,M,88,0.07,0.14,0.09,9.49,9.3,9.32,93,88,84,9.17
68,7,P,NM,80,0.25,0.26,0.28,8.61,8.59,8.54,93,,,
69,2,NP,M,78,0.07,0.11,0.09,8.84,8.9,8.71,93,88,76,8.57
70,14,NP,NM,27,0.12,0.08,0.1,6.37,6.26,6.15,90,,,
71,6,NP,NM,81,0.22,0.22,0.26,8.99,9.41,9.24,93,83,87,8.86
72,13,NP,M,100,0.05,0.06,0.08,8.94,9.04,8.97,93,137,56,7.88
73,25,P,NM,226,0.22,0.25,0.22,12.24,12.29,12.57,93,,,
74,3,P,M,106,0.29,0.29,0.29,9.3,9.37,9.25,93,100,108,8.12
75,24,P,NM,42,0.2,0.28,0.24,7.88,7.44,7.37,93,,,
76,8,NP,M,128,0.12,0.14,0.08,10.36,10.32,10.4,93,65,111,10.11
77,30,P,NM,170,0.32,0.34,0.35,11.34,11.09,11.01,93,,,
78,15,NP,NM,156,0.23,0.26,0.24,10.6,10.78,10.66,93,135,201,11.74
79,28,P,M,112,0.08,0.09,0.12,9.39,9.8,9.81,93,100,113,9.39
80,6,NP,NM,105,0.06,0.08,0.08,10.04,10,9.86,93,,,
81,29,P,M,107,0.13,0.18,0.15,10.02,9.82,9.82,93,93,107,10.02
82,14,P,NM,147,0.16,0.18,0.17,11.49,11.44,11.47,93,,,
83,27,P,NM,133,0.31,0.34,0.32,10.61,10.62,10.56,93,172,177,11.63
84,8,P,NM,165,0.27,0.3,0.27,11.41,11.65,11.29,93,,,
85,26,NP,M,46,0.08,0.08,0.03,7.32,7.68,7.64,93,65,28,6.65
86,7,P,M,138,0.32,0.4,0.38,10.59,10.39,10.44,93,83,147,10.47
87,26,NP,NM,194,0.15,0.16,0.17,11.72,12.08,12.25,93,,,
88,16,P,NM,213,0.32,0.26,0.31,10.87,11.04,10.77,93,,,
89,8,P,NM,144,0.3,0.3,0.31,10.42,10.59,10.6,93,,,
90,26,P,M,73,0.22,0.22,0.22,8.77,9.1,9.1,93,100,76,8.66
91,11,P,M,101,0.22,0.22,0.21,9.51,9.54,9.29,93,80,98,9.41
92,16,NP,M,80,0.12,0.05,0.05,8.12,8.37,8.38,93,88,78,8.59
93,17,P,M,79,0.17,0.12,0.12,8.62,8.9,8.86,93,100,79,8.57
94,19,P,M,61,0.11,0.25,0.18,7.99,8.84,8.28,93,93,61,7.99
95,19,P,M,103,0.17,0.13,0.13,9.07,9.47,9.43,93,80,99,9.56
96,3,NP,NM,147,0.12,0.14,0.14,11,10.8,10.97,93,,,
97,17,NP,NM,41,0.12,0.11,0.13,6.67,6.64,6.7,93,,,
98,13,NP,M,111,0.15,0.13,0.08,10.32,10,10,93,116,105,9.63
99,25,P,NM,230,0.3,0.3,0.33,12.58,12.54,12.3,93,,,
100,11,NP,M,43,0.02,0.02,0.03,7.07,7.15,7.11,93,83,41,7.4
101,21,P,M,68,0.15,0.15,0.18,8.5,8.59,8.35,93,86,71,8.35
102,26,NP,NM,149,0.3,0.23,0.26,10.45,10.83,10.5,93,,,
103,16,NP,NM,152,0.19,0.21,0.16,10.66,10.86,10.76,93,,,
104,15,P,M,95,0.12,0.15,0.1,8.52,8.82,8.57,93,80,91,8.78
105,12,P,NM,39,0.05,0.05,0.05,7.19,6.84,6.86,93,,,
106,19,P,M,129,0.27,0.22,0.25,9.96,9.93,9.93,93,100,118,10.02
107,28,P,NM,150,0.3,0.3,0.3,10.68,10.93,10.68,93,100,147,9.51
108,7,P,M,120,0.27,0.35,0.29,10.17,9.89,10.36,93,93,120,9.39
109,21,NP,NM,105,0.3,0.26,0.22,9.94,9.96,10.55,93,,,
110,24,NP,M,32,0.04,0.15,0.02,6.52,6.48,6.19,93,67,13,5.3
111,19,P,NM,229,0.29,0.3,0.29,12.09,12.15,11.98,93,,,
112,26,P,M,142,0.22,0.19,0.21,10.55,10.6,10.52,93,114,132,10.36
113,25,NP,M,36,0.08,0.29,0.09,7.26,7.12,7.2,93,,,
114,27,P,M,76,0.27,0.2,0.29,9.29,9.47,9.27,76,59,83,9.02
115,15,NP,NM,134,0.21,0.06,0.22,10.45,10.4,10.47,93,156,251,13.37
116,23,NP,M,137,0.11,0.36,0.08,11.16,11.16,10.84,93,30,26,6.39
117,10,P,M,145,0.25,0.1,0.29,9.8,10.19,10.34,93,88,113,10.22
118,5,P,M,23,0.1,0.19,0.08,5.77,5.72,5.81,93,116,35,6.65
119,26,NP,NM,145,0.16,0.13,0.19,10.46,10.3,10.38,93,258,150,11.35
120,28,P,M,113,0.12,0.37,0.13,9.25,9.59,9.73,93,93,110,9.92
121,12,P,NM,132,0.37,0.26,0.38,10.17,9.89,10.24,93,74,120,9.73
122,1,P,NM,79,0.26,0.2,0.26,8.42,8.46,8.34,93,120,109,9.45
123,21,P,M,97,0.23,0.16,0.2,8.76,8.96,9.02,93,20,71,7.84
124,7,P,M,114,0.17,0.12,0.21,9.99,10.09,9.78,93,,,
125,16,P,M,76,0.14,0.24,0.17,8.55,8.99,8.61,93,,,
126,24,P,M,114,0.2,0.14,0.24,9.43,9.78,9.62,93,123,117,10.25
127,28,NP,NM,90,0.12,0.05,0.12,9.39,9.4,9.42,93,165,126,9.82
128,17,NP,M,23,0.04,0.22,0.04,6.06,6.17,6.19,86,83,40,6.47
129,10,P,M,109,0.22,0.22,0.22,9.65,9.76,10.13,93,59,101,9.47
130,15,P,NM,141,0.35,0.32,0.32,10.18,10.57,10.58,93,,,
131,10,NP,M,155,0.09,0.08,0.11,11.15,11.06,10.9,93,30,11,5.02
132,28,NP,M,106,0.18,0.14,0.17,9.16,9.4,9.13,93,102,105,9.23
133,25,P,NM,228,0.36,0.37,0.4,12.22,12,12.14,93,,,
134,15,NP,M,132,0.08,0.13,0.15,10.41,10.15,10.18,93,88,132,10.41
135,1,NP,NM,150,0.26,0.24,0.25,10.4,10.56,10.37,93,74,141,10.28
136,17,P,M,117,0.3,0.3,0.29,9.56,9.66,9.93,93,59,115,9.21
137,6,P,M,119,0.21,0.19,0.17,10.3,10.4,10.74,93,100,114,10.51
138,17,NP,M,47,0.14,0.1,0.08,7.62,7.54,7.6,93,116,34,6.86
139,24,NP,M,55,0.11,0.16,0.1,8.13,8.23,7.97,93,80,44,7.4
140,27,NP,NM,156,0.22,0.24,0.21,11.35,11.11,10.81,93,,,
141,21,P,M,96,0.21,0.17,0.19,9.44,9.83,9.83,93,,,
142,2,P,M,112,0.18,0.16,0.18,9.93,9.92,9.92,93,,,
143,7,NP,NM,198,0.19,0.18,0.17,11.77,11.55,11.71,93,,,
144,25,NP,M,10,0.01,0.01,0.01,4.44,4.54,4.37,93,88,14,4.57
145,4,NP,M,24,0.01,0.01,0.01,5.37,5.45,5.44,93,20,13,4.96
146,9,P,M,107,0.2,0.19,0.22,9.96,9.9,10.02,93,59,99,9.56
147,26,NP,M,63,0.08,0.07,0.04,7.64,7.94,7.9,93,59,56,7.3
148,27,NP,NM,128,0.17,0.14,0.11,10.3,10.78,10.4,93,,,
149,6,P,M,125,0.29,0.23,0.24,9.61,9.75,9.69,93,88,127,9.87
150,25,NP,NM,132,0.1,0.1,0.08,10.37,10.32,10.45,94,167,132,10.52
151,8,NP,NM,201,0.15,0.17,0.16,11.8,11.83,11.79,94,130,243,12.18
152,15,NP,NM,99,0.22,0.21,0.19,9.35,9.31,9.35,94,226,156,11.05
153,21,P,NM,80,0.08,0.08,0.09,8.87,9.06,9.04,94,,,
154,8,NP,M,104,0.1,0.08,0.04,9.5,9.52,9.54,94,72,82,9.32
155,28,P,NM,161,0.08,0.1,0.1,10.95,10.79,10.8,94,72,125,10.07
156,18,NP,M,162,0.16,0.18,0.18,10.85,11,10.91,94,86,159,10.68
157,22,NP,M,73,0.12,0.08,0.11,8.22,8.24,8.17,76,59,73,8.46
158,23,P,NM,156,0.24,0.22,0.21,10.8,10.78,11.08,94,,,
159,4,NP,M,31,0.02,0.01,0.02,6.54,6.66,6.74,94,,,
160,27,P,NM,153,0.33,0.32,0.33,10.63,10.61,10.65,94,,,
161,13,P,NM,79,0.1,0.12,0.13,8.43,8.67,8.61,94,86,80,8.55
162,6,P,M,50,0.1,0.12,0.11,7.39,7.59,7.45,94,100,49,7.42
163,13,P,NM,144,0.3,0.3,0.31,10.37,10.22,10.39,94,,,
164,19,NP,M,50,0.02,0.03,0.01,7.62,7.52,7.39,94,95,62,7.4
165,11,P,NM,74,0.04,0.03,0.07,8.08,8.01,7.98,94,41,35,6.88
166,10,NP,NM,116,0.11,0.12,0.14,9.87,10,9.94,94,,,
167,30,P,M,104,0.24,0.23,0.23,9.46,9.28,9.38,94,72,112,9.29
168,26,P,M,118,0.13,0.13,0.11,9.85,10.02,9.85,94,102,119,9.88
169,24,P,NM,70,0.25,0.25,0.25,8.1,8.02,8.19,86,48,43,7.1
170,8,NP,NM,101,0.1,0.09,0.06,8.96,8.88,8.94,94,,,
171,16,NP,NM,178,0.11,0.13,0.08,10.77,10.98,10.76,94,,,
172,11,P,M,94,0.22,0.23,0.22,9.22,9.23,8.98,94,100,98,9.56
173,18,P,M,79,0.11,0.09,0.08,8.79,8.71,8.76,94,,,
174,12,P,M,49,0.23,0.22,0.2,7.16,7.13,6.96,94,59,52,6.64
175,10,P,NM,102,0.4,0.43,0.4,10.07,9.86,9.88,94,,,
176,20,NP,NM,252,0.1,0.09,0.09,12.6,12.58,12.42,94,170,279,13.91
177,29,NP,NM,34,0.01,0.01,0.01,6.48,6.33,6.38,94,,,
178,17,NP,NM,24,0.02,0.01,0.01,5.8,5.67,5.68,94,83,82,8.72
179,17,P,M,78,0.13,0.12,0.11,8.27,8.25,8.26,94,102,67,8.36
180,4,P,M,100,0.18,0.15,0.15,9.37,9.57,9.7,94,107,94,9.87
181,9,P,NM,147,0.28,0.28,0.26,10.21,10.4,10.37,94,,,
182,6,NP,M,43,0.1,0.1,0.1,7.03,7.1,7.2,94,107,48,8.03
183,9,NP,M,74,0.04,0.05,0.05,8.24,8.3,8.09,94,59,71,8.22
184,28,NP,NM,28,0.01,0.01,0.01,6.07,6.08,6.1,94,,,
185,9,NP,NM,115,0.25,0.24,0.26,9.28,9.36,9.38,94,,,
186,30,NP,M,66,0.16,0.11,0.18,7.86,7.79,7.76,94,65,36,6.56
187,2,P,NM,84,0.21,0.25,0.22,8.86,8.79,8.89,94,352,221,12.5
188,18,P,M,135,0.32,0.32,0.35,11.11,10.94,11.08,94,86,151,11.19
189,23,NP,M,146,0.19,0.23,0.22,10.21,10.11,10.24,94,102,145,10.04
190,24,P,NM,57,0.25,0.26,0.29,7.22,7.2,7.3,94,,,
191,21,P,NM,119,0.32,0.35,0.39,10.09,10.12,10.08,94,,,
192,3,P,NM,131,0.48,0.47,0.45,10.37,10.47,10.43,94,,,
193,15,P,M,117,0.37,0.39,0.38,9.74,9.84,9.77,94,95,119,9.48
194,25,NP,NM,188,0.16,0.17,0.16,10.67,10.79,10.68,94,128,190,10.94
195,14,NP,M,40,0.06,0.1,0.1,7.58,7.79,7.31,90,86,45,7.62
196,20,NP,M,51,0.2,0.21,0.22,8.08,8.09,8.04,94,67,55,8.13
197,4,NP,M,62,0.17,0.18,0.18,8.13,8.33,8.07,94,72,40,7.15
198,17,NP,M,46,0.11,0.15,0.16,7.4,7.5,7.46,94,65,48,7.03
199,23,P,M,91,0.2,0.21,0.2,8.68,8.72,8.8,94,93,91,8.47
200,16,NP,M,79,0.08,0.05,0.09,8.5,8.5,8.76,94,102,76,8.77
201,4,NP,NM,41,0.08,0.11,0.1,7.3,7.34,7.4,94,,,
202,22,P,NM,181,0.3,0.25,0.29,11.35,11.4,11.41,94,,,
203,9,NP,M,42,0.02,0.07,0.02,7.27,7.11,7.14,94,121,78,8.81
204,4,NP,M,119,0.2,0.18,0.17,10.04,10.27,10.14,94,156,82,8.69
205,22,NP,M,63,0.03,0.04,0.09,8.38,8.37,8.39,94,95,65,8.2
206,2,P,M,115,0.35,0.36,0.35,9.55,9.55,9.5,94,83,111,9.62
207,16,NP,NM,127,0.11,0.09,0.09,10.06,10.08,10.17,94,,,
208,17,NP,NM,103,0.16,0.18,0.17,9.22,9.28,9.14,94,135,119,9.57
209,3,NP,NM,103,0.21,0.22,0.21,9.21,9.51,9.41,94,,,
210,20,P,M,123,0.23,0.24,0.23,10.05,10.02,9.83,94,109,122,10.27
211,18,P,M,51,0.2,0.22,0.21,7.37,7.33,7.34,94,93,53,6.62
212,24,NP,NM,,,,,,,,,277,200,11.83
213,3,NP,M,83,0.23,0.18,0.17,8.15,8.37,8.45,94,144,44,7.39
214,9,P,M,102,0.24,0.23,0.23,9.98,9.87,9.91,83,72,98,9.25
215,8,NP,M,76,0.18,0.18,0.18,8.96,9.13,9.09,94,86,90,9.27
216,29,NP,M,56,0.02,0.02,0.01,7.59,7.57,7.62,94,95,49,9.13
217,14,P,NM,84,0.3,0.3,0.3,9.17,9.27,9.29,94,,,
218,16,P,NM,66,0.23,0.27,0.21,8.27,8.18,8.27,94,,,
219,27,P,NM,120,0.35,0.37,0.36,10.18,10.31,10.34,94,,,
220,24,NP,M,68,0.16,0.13,0.18,8.06,8.04,8.06,94,72,31,6.15
221,23,P,M,143,0.31,0.34,0.35,9.97,10.01,9.91,94,102,153,10.03
222,18,P,M,75,0.18,0.2,0.18,8.57,8.68,8.61,94,83,77,8.47
223,19,NP,M,42,0.14,0.18,0.15,6.77,6.68,6.79,94,44,20,5.55
224,2,NP,NM,123,0.23,0.25,0.23,10.55,10.64,10.66,94,,,
225,22,P,NM,216,0.4,0.43,0.39,11.66,11.64,11.47,94,,,
226,26,P,M,148,0.19,0.2,0.19,10.99,10.9,11.02,94,93,149,10.92
227,16,NP,NM,159,0.21,0.22,0.21,10.87,10.91,10.85,94,,,
228,19,P,M,122,0.29,0.31,0.33,9.97,9.57,9.62,94,102,121,9.8
229,21,NP,M,40,0.09,0.09,0.09,7.33,7.31,7.21,94,80,50,7.4
230,24,NP,NM,49,0.12,0.12,0.15,7.67,7.59,7.68,94,,,
231,22,NP,M,37,0.15,0.15,0.13,6.86,6.88,6.94,94,93,37,7.09
232,29,NP,M,58,0.1,0.15,0.12,7.87,7.9,7.99,94,102,54,7.99
233,12,NP,M,96,0.15,0.16,0.15,8.98,9,8.95,94,109,101,9.54
234,15,NP,M,75,0.19,0.2,0.2,8.12,8.06,8.1,94,44,25,5.99
235,30,P,M,112,0.28,0.3,0.31,9.48,9.43,9.37,94,83,113,9.19
236,9,NP,NM,69,0.13,0.14,0.16,8.29,8.31,8.36,94,165,199,10.95
237,16,P,NM,153,0.34,0.35,0.36,10.23,10.27,10.34,94,200,164,10.52
238,30,NP,M,97,0.12,0.12,0.13,8.85,8.78,8.9,94,102,96,8.87
239,16,NP,M,88,0.18,0.15,0.18,8.58,8.45,8.5,94,44,34,6.44
240,27,NP,M,108,0.14,0.15,0.14,9.04,8.91,8.94,94,67,73,8.02
241,18,NP,NM,147,0.2,0.21,0.2,10.67,10.8,10.7,94,80,130,10.53
242,17,P,M,57,0.17,0.18,0.17,7.78,7.87,7.94,94,107,60,8.1
243,10,P,M,60,0.18,0.13,0.18,8.22,8.18,8.26,94,128,96,9.78
244,5,P,M,115,0.27,0.28,0.25,10.32,10.52,10.6,94,93,123,10.37
245,19,P,NM,122,0.33,0.33,0.32,9.89,9.86,9.78,94,,,
246,28,NP,M,30,0.03,0.05,0.05,6.08,6.27,6.59,83,65,26,6.43
247,16,NP,M,54,0.11,0.11,0.11,7.39,7.37,7.33,88,59,47,7.09
248,18,NP,M,86,0.18,0.19,0.2,9.54,9.57,9.49,94,128,88,9.23
249,25,P,M,66,0.26,0.27,0.25,7.92,7.94,8.02,94,74,67,7.93
250,27,NP,M,192,0.17,0.18,0.17,11.03,11.11,11.14,94,88,178,11.09
251,30,NP,M,164,0.09,0.1,0.11,10.43,10.25,10.37,94,95,168,10.36
252,1,P,M,95,0.14,0.15,0.16,8.37,8.35,8.49,94,100,101,9.27
253,22,P,M,191,0.38,0.4,0.39,11.8,11.85,11.86,94,,,
254,3,P,NM,83,0.26,0.27,0.26,8.43,8.44,8.53,94,,,
255,29,NP,NM,187,0.27,0.25,0.28,11.05,11.01,11,94,121,196,11.32
256,15,P,M,76,0.2,0.2,0.22,8.61,8.61,8.5,94,93,78,8.67
257,1,NP,M,,,,,,,,,72,48,7.42
258,7,NP,M,93,0.13,0.14,0.14,8.69,8.7,8.76,94,80,99,8.9
259,28,P,NM,150,0.38,0.39,0.41,10.15,10.26,10.24,94,,,
260,24,NP,M,25,0.01,0.01,0.01,6.07,5.86,5.96,94,93,27,5.62
261,18,NP,M,61,0.18,0.2,0.22,7.91,8.04,7.89,94,88,59,7.94
262,11,P,M,41,0.18,0.15,0.11,7.86,7.6,7.74,94,,,
263,4,NP,NM,47,0.15,0.19,0.14,7.36,7.38,7.37,94,125,52,7.28
264,19,NP,M,81,0.15,0.15,0.13,8.28,8.29,8.38,94,109,35,6.56
265,6,P,M,109,0.28,0.3,0.26,9.16,9.2,9.27,94,67,93,9.34
266,20,NP,M,52,0.03,0.03,0.03,7.57,7.63,7.54,94,128,81,9.11
267,23,NP,NM,132,0.2,0.22,0.2,9.6,9.6,9.59,94,170,128,10.18
268,4,P,NM,180,0.37,0.39,0.39,11.62,11.64,11.5,94,,,
269,30,NP,M,82,0.07,0.08,0.07,9.22,9.32,9.25,94,93,99,9.13
270,8,NP,NM,236,0.25,0.24,0.21,12.06,12.08,12.12,94,146,350,13.58
271,3,P,NM,70,0.25,0.27,0.26,8.6,8.51,8.5,94,,,
272,9,P,M,76,0.21,0.22,0.19,8.94,8.95,8.97,88,72,69,8.89
273,13,NP,M,58,0.12,0.1,0.13,6.95,6.87,6.78,94,100,26,5.68
274,29,P,NM,86,0.21,0.23,0.22,8.57,8.68,8.63,94,,,
275,10,P,M,155,0.35,0.36,0.4,11.8,11.84,11.62,86,135,83,9.6
276,5,P,M,81,0.28,0.27,0.3,9.19,9.4,9.42,86,,,
277,14,P,M,76,0.15,0.17,0.18,8.71,8.69,8.75,94,93,78,8.69
278,27,NP,M,87,0.14,0.17,0.16,8.66,8.67,8.78,94,100,82,8.67
279,9,NP,NM,153,0.27,0.28,0.27,10.76,10.81,10.63,94,,,
280,25,P,M,111,0.26,0.25,0.26,10.4,10.41,10.43,94,93,118,10.43
281,8,P,M,92,0.24,0.24,0.24,9.22,9.24,9.22,94,59,77,8.45
282,23,P,M,195,0.29,0.28,0.3,11.24,11.18,11.27,94,88,187,11.34
283,26,NP,M,61,0.16,0.16,0.16,8.71,8.7,8.84,94,59,69,8.34
284,28,P,M,83,0.24,0.24,0.24,10.04,9.98,9.98,94,80,99,9.75
285,15,P,M,195,0.24,0.25,0.26,12.22,12.17,12.14,94,65,200,12.25
286,20,NP,M,49,0.07,0.11,0.08,7.88,7.87,7.79,94,83,56,7.96
287,22,NP,NM,111,0.18,0.17,0.16,9.34,9.44,9.44,94,,,
288,1,P,NM,43,0.21,0.21,0.22,6.66,6.56,6.55,94,,,
289,14,NP,NM,146,0.19,0.18,0.16,10.82,10.86,10.89,94,,,
290,24,P,M,44,0.15,0.2,0.15,6.91,6.89,6.97,94,,,
291,29,NP,NM,36,0.14,0.14,0.1,6.59,6.66,6.64,94,,,
292,3,NP,NM,69,0.2,0.2,0.21,8.42,8.45,8.55,94,,,
293,6,NP,M,70,0.09,0.08,0.1,8.63,8.78,8.76,94,109,74,
294,30,NP,NM,139,0.16,0.17,0.17,10.12,10.14,10.12,94,,,
295,11,NP,M,57,0.12,0.13,0.14,8.21,8.17,8.19,94,100,51,8.37
296,30,P,NM,142,0.26,0.27,0.28,9.65,9.72,9.84,94,146,212,11.09
297,26,NP,M,95,0.13,0.13,0.09,9.36,9.29,9.3,94,74,99,9.24
298,28,P,M,93,0.227,0.23,0.23,9.55,9.7,9.8,94,74,122,9.9
299,16,NP,M,51,0.08,0.1,0.11,7.4,7.59,7.35,94,135,38,7.49
300,2,NP,NM,165,0.16,0.17,0.16,11.18,11.26,11.19,94,137,192,12
301,13,P,NM,92,0.25,0.23,0.23,8.62,8.61,8.52,94,,,
302,1,P,M,82,0.2,0.21,0.21,8.02,8.02,8.08,94,59,51,7.36
303,4,P,NM,65,0.27,0.28,0.28,8.39,8.35,8.4,94,,,
304,26,NP,M,70,0.03,0.05,0.03,8.69,8.73,8.69,94,107,101,9.61
305,7,NP,NM,125,0.09,0.08,0.1,9.47,9.55,9.79,94,144,260,11.74
306,30,NP,NM,125,0.18,0.19,0.2,10.12,10.16,10.1,94,,,
307,21,NP,M,36,0.2,0.2,0.15,6.55,6.55,6.56,86,93,37,6.38
308,22,NP,M,125,0.1,0.11,0.1,9.46,9.52,9.38,94,59,86,8.37
309,16,P,M,72,0.21,0.23,0.23,8.03,8.06,7.98,94,95,76,8.01
310,26,P,NM,85,0.35,0.35,0.36,9.36,9.46,9.39,94,,,
311,11,P,NM,91,0.3,0.3,0.3,8.93,8.95,9.03,94,59,54,7.77
312,22,NP,M,96,0.1,0.12,0.12,9.07,9.12,9.17,94,149,69,7.97
313,22,P,M,83,0.18,0.18,0.18,8.83,8.74,8.86,94,80,93,9.17
314,18,P,M,85,0.14,0.14,0.16,9.54,9.54,9.61,94,,,
315,21,P,NM,82,0.33,0.32,0.33,8.96,9.04,9.06,94,,,
316,9,P,M,111,0.21,0.23,0.21,9.54,9.51,9.54,94,93,119,9.45
317,5,P,NM,154,0.2,0.2,0.2,10.98,10.95,10.96,94,,,
318,14,NP,NM,45,0.05,0.05,0.05,7.71,7.67,7.53,94,,,
319,12,P,NM,22,0.12,0.13,0.13,5.84,5.76,5.74,94,,,
320,13,NP,M,95,0.15,0.14,0.14,8.96,8.87,8.91,94,102,94,8.86
321,27,P,M,35,0.2,0.18,0.18,6.72,6.5,6.32,80,37,26,6.45
322,22,P,M,,,,,,,,,59,36,6.67
323,17,NP,NM,150,0.25,0.25,0.27,10.06,10.08,10.14,95,,,
324,21,P,M,71,0.25,0.27,0.25,8.37,8.27,8.28,95,86,69,8.44
325,30,P,NM,177,0.4,0.4,0.4,10.85,10.9,11.02,95,,,
326,27,P,M,117,0.32,0.3,0.33,10.37,10.37,10.29,95,,,
327,29,P,M,96,0.21,0.21,0.22,9.29,9.39,9.39,95,95,96,9.39
328,10,P,NM,78,0.04,0.08,0.06,9.31,9.24,9.33,95,,,
329,15,NP,M,102,0.22,0.21,0.2,10.02,10.1,10.04,95,72,107,9.82
330,16,P,M,142,0.3,0.3,0.31,10.46,10.46,10.49,95,59,111,9.93
331,5,P,NM,120,0.34,0.32,0.32,10.63,10.61,10.56,95,,,
332,30,NP,NM,108,0.22,0.21,0.23,9.27,9.34,9.28,95,123,113,9.66
333,21,NP,M,77,0.22,0.21,0.21,9.3,9.33,9.3,95,72,82,9.06
334,14,NP,M,33,0.11,0.14,0.14,6.56,6.52,6.52,95,100,28,6.54
335,15,NP,NM,114,0.17,0.17,0.18,9.35,9.41,9.51,95,114,121,10.42
336,21,NP,M,77,0.2,0.19,0.19,8.45,8.55,8.6,95,30,15,5.24
337,6,P,M,94,0.24,0.27,0.28,9.19,9.18,9.2,95,59,85,8.81
338,27,P,NM,63,0.31,0.32,0.31,8.33,8.37,8.39,95,80,68,8.4
339,29,NP,NM,143,0.29,0.29,0.27,10.32,10.37,10.22,95,,,
340,14,P,NM,158,0.29,0.27,0.27,11.02,11.07,10.97,95,,,
341,12,NP,M,24,0.04,0.05,0.04,6.22,6.12,6.24,95,80,22,5.52
342,11,NP,NM,142,0.32,0.31,0.31,10.92,10.87,10.86,95,137,224,12.41
343,29,P,NM,147,0.25,0.26,0.28,10.98,10.99,10.88,95,,,
344,5,NP,M,100,0.21,0.22,0.24,9.16,9.21,9.23,95,95,100,9.16
345,7,NP,M,102,0.15,0.16,0.16,9.69,9.72,9.68,95,86,116,9.75
346,11,P,NM,145,0.41,0.42,0.42,11.12,11.01,11.11,95,,,
347,22,NP,NM,176,0.13,0.13,0.13,11.43,11.49,11.49,95,,,
348,16,P,NM,93,0.33,0.34,0.34,8.91,9.03,9.05,95,,,
349,24,P,NM,109,0.44,0.45,0.48,9.11,9.13,9.19,95,,,
350,3,NP,M,48,0.2,0.22,0.22,7.85,7.89,7.81,95,149,97,9.62
351,22,NP,M,53,0.11,0.11,0.11,7.96,7.97,7.94,95,72,49,7.45
352,19,P,M,87,0.27,0.28,0.27,9.09,9.09,9.08,95,86,96,9.5
353,1,NP,NM,117,0.23,0.21,0.24,9.16,9.16,9.17,95,,,
354,2,NP,NM,49,0.13,0.11,0.13,7.41,7.51,7.42,95,170,193,12.43
355,29,P,M,129,0.35,0.35,0.32,10.13,10.15,10.16,95,100,124,10.17
356,20,P,M,71,0.41,0.4,0.39,8.82,9.03,8.83,95,100,67,9.03
357,18,NP,M,83,0.13,0.15,0.13,8.24,8.16,8.08,95,123,94,9.63
358,6,P,M,56,0.15,0.14,0.15,8.2,8.18,8.18,95,86,55,7.97
359,5,P,NM,69,0.31,0.3,0.31,8.19,8.15,8.23,95,,,
360,1,NP,NM,115,0.13,0.1,0.1,9.78,9.87,9.77,95,139,197,11.22
361,25,NP,M,66,0.1,0.11,0.08,7.81,7.83,7.9,95,72,60,7.76
362,14,NP,M,33,0.04,0.04,0.05,6.49,6.66,6.58,95,72,30,6.51
363,1,NP,M,129,0.12,0.12,0.12,9.88,9.95,9.95,95,67,79,8.39
364,16,P,M,113,0.32,0.33,0.35,9.62,9.61,9.51,95,107,101,9.51
365,20,P,M,122,0.33,0.31,0.31,9.67,9.68,9.67,95,,,
366,3,NP,M,29,0.07,0.09,0.07,5.86,5.86,6.02,95,65,24,5.65
367,4,NP,M,22,0.03,0.03,0.01,5.89,5.9,5.94,95,109,19,6.13
368,24,P,M,73,0.26,0.26,0.26,8.28,8.26,8.28,95,93,74,8.54
369,14,NP,NM,124,0.08,0.08,0.08,10.08,10.06,10.09,95,,,
370,24,P,M,79,0.33,0.36,0.33,8.84,8.91,8.94,95,88,85,8.99
371,13,NP,NM,60,0.16,0.15,0.05,7.9,7.93,7.86,95,,,
372,21,P,NM,106,0.31,0.35,0.33,9.16,9.16,9.12,95,,,
373,14,NP,M,64,0.16,0.13,0.14,8.07,8.13,8.06,95,104,63,8.53
374,13,NP,NM,86,0.14,0.14,0.14,8.94,8.97,8.97,95,275,296,12.46
375,20,P,NM,118,0.35,0.37,0.38,9.77,9.78,9.8,95,,,
376,11,NP,M,88,0.23,0.22,0.24,8.77,8.73,8.81,95,72,62,8.13
377,2,NP,M,85,0.17,0.18,0.2,9.13,9.14,9.14,95,130,78,8.98
378,14,NP,M,48,0.14,0.15,0.14,7.5,7.57,7.58,95,53,15,4.89
379,15,NP,NM,50,0.2,0.2,0.2,8.13,8.17,8.16,95,226,268,12.39
380,6,P,NM,84,0.11,0.09,0.09,9.62,9.58,9.59,95,,,
381,10,NP,NM,143,0.21,0.23,0.2,10.42,10.51,10.38,95,,,
382,20,P,M,95,0.33,0.31,0.32,9.08,9.21,9.11,95,,,
383,5,P,NM,135,0.41,0.41,0.41,10.09,9.99,10.02,95,,,
384,25,NP,NM,156,0.19,0.21,0.2,10.98,11.08,10.97,95,,,
385,21,P,NM,178,0.39,0.38,0.38,10.73,10.86,10.75,95,95,178,10.73
386,15,P,NM,146,0.24,0.27,0.27,9.92,9.96,9.87,95,,,
387,22,NP,NM,36,0.06,0.06,0.07,6.51,6.54,6.58,95,,,
388,23,NP,M,149,0.23,0.23,0.23,10.62,10.65,10.69,95,88,159,10.99
389,3,P,M,70,0.28,0.27,0.27,8.54,8.56,8.53,95,,,
390,8,NP,M,121,0.19,0.2,0.21,10.3,10.28,10.2,95,72,147,11.1
391,28,P,NM,57,0.21,0.23,0.24,7.39,7.42,7.41,95,,,
392,18,NP,M,115,0.21,0.21,0.21,9.96,9.84,9.97,95,100,111,10.13
393,11,P,NM,,,,,,,,,,,
394,10,NP,M,87,0.07,0.09,0.08,9.18,9.16,9.16,95,102,78,9.33
395,4,P,M,67,0.24,0.25,0.24,8.29,8.24,8.39,95,102,82,9.14
396,6,P,M,32,0.1,0.12,0.13,6.64,6.58,6.43,95,116,42,7.26
397,10,P,M,74,0.19,0.21,0.25,8.71,8.88,8.73,80,114,24,5.93
398,17,P,NM,143,0.34,0.34,0.33,10.7,10.67,10.78,95,,,
399,18,P,NM,86,0.21,0.21,0.21,8.87,9.17,9.13,80,149,237,12.35
400,13,P,M,57,0.23,0.23,0.23,7.24,7.24,7.34,95,88,58,7.69
401,17,P,NM,64,0.19,0.2,0.22,8.08,8.1,8.15,95,,,
402,12,NP,NM,46,0.22,0.25,0.26,6.88,6.87,6.96,95,65,36,6.58
403,15,P,NM,83,0.27,0.27,0.28,8.61,8.59,8.54,95,142,129,9.97
404,28,P,M,,,,,,,,,,,
405,28,NP,NM,72,0.22,0.2,0.22,7.83,7.76,7.91,95,83,56,7.52
406,5,NP,M,71,0.17,0.17,0.17,8.44,8.37,8.4,95,95,71,8.44
407,20,P,NM,60,0.27,0.29,0.3,7.98,7.89,8.01,95,41,37,6.88
408,30,P,M,71,0.09,0.09,0.09,8.14,8.14,8.17,95,95,71,8.14
409,27,NP,NM,68,0.19,0.15,0.15,8.42,8.41,8.37,95,48,40,7.02
410,29,P,NM,184,0.16,0.17,0.15,11.24,11.25,11.29,95,,,
411,18,P,NM,50,0.24,0.23,0.24,7.25,7.34,7.24,95,,,
412,12,P,M,53,0.17,0.2,0.17,7.14,7.16,7.14,95,114,56,6.89
413,8,P,M,76,0.24,0.25,0.23,8.4,8.51,8.47,95,20,64,8.08
414,20,NP,M,104,0.23,0.22,0.21,9.09,9.17,9.09,95,59,88,8.88
415,11,NP,M,30,0.07,0.02,0.04,7.59,7.21,7.19,95,59,31,6.13
416,20,NP,NM,181,0.26,0.26,0.27,10.87,10.81,10.76,95,,,
417,6,P,NM,156,0.36,0.37,0.37,11.04,10.96,11.07,95,146,150,11.2
418,27,NP,M,35,0.05,0.04,0.06,6.74,6.66,6.73,95,88,33,6.85
419,8,NP,M,86,0.25,0.25,0.22,9.31,9.37,9.43,95,39,71,8.78
420,30,P,NM,65,0.26,0.28,0.26,7.42,7.48,7.44,95,,,
421,10,NP,M,82,0.16,0.17,0.18,8.7,8.68,8.78,95,83,75,8.67
422,28,NP,M,49,0.02,0.01,0.01,7.3,7.45,7.33,95,95,49,7.3
423,7,P,M,119,0.31,0.34,0.31,9.59,9.55,9.54,95,,,
424,18,P,NM,72,0.33,0.33,0.33,8.58,8.62,8.71,95,59,52,7.45
425,20,NP,M,73,0.15,0.17,0.15,8.41,8.53,8.41,95,93,76,7.9
426,18,P,M,111,0.26,0.26,0.26,10.06,10.01,10.09,95,,,
427,9,NP,NM,66,0.1,0.13,0.1,7.81,7.75,7.86,95,,,
428,3,NP,M,70,0.07,0.13,0.04,8.46,8.61,8.5,95,65,65,8.22
429,23,NP,NM,158,0.26,0.26,0.27,10.83,10.81,10.83,95,,,
430,13,P,M,79,0.07,0.08,0.07,8.56,8.55,8.67,95,109,94,8.78
431,6,P,NM,86,0.17,0.17,0.16,8.84,8.76,8.81,95,,,
432,29,P,M,78,0.3,0.31,0.36,8.59,8.64,8.6,95,100,77,8.66
433,23,NP,NM,229,0.21,0.23,0.25,12.47,12.44,12.48,95,,,
434,22,P,M,155,0.26,0.27,0.28,10.05,10.07,10.07,95,102,152,10.27
435,10,P,NM,71,0.17,0.18,0.19,8.79,8.81,8.87,95,,,
436,13,NP,NM,113,0.25,0.26,0.24,9.22,9.25,9.22,95,156,60,8.33
437,8,P,M,96,0.27,0.29,0.29,10.36,10.25,10.26,95,,,
438,6,NP,M,55,0.14,0.16,0.14,7.75,7.72,7.72,95,80,59,7.81
439,20,P,M,108,0.37,0.4,0.37,9.27,9.34,9.23,95,59,104,9.72
440,17,NP,M,50,0.11,0.14,0.16,7.44,7.41,7.44,95,93,48,7.37
441,23,NP,M,161,0.18,0.2,0.2,10.81,10.83,10.75,95,65,135,10.6
442,5,NP,NM,90,0.13,0.14,0.09,9.63,9.61,9.58,95,,,
443,2,P,M,66,0.19,0.18,0.19,8.66,8.58,8.55,95,100,66,8.82
444,30,NP,NM,37,0.11,0.08,0.07,6.64,6.54,6.51,95,,,
445,29,P,M,158,0.3,0.3,0.29,10.76,10.86,10.76,95,93,155,10.37
446,28,NP,M,21,0.02,0.01,0.01,5.3,5.34,5.4,95,59,22,5.06
447,30,P,NM,110,0.32,0.31,0.29,9.47,9.5,9.6,95,207,190,10.91
448,10,NP,M,95,0.13,0.14,0.15,8.61,8.61,8.58,95,137,37,7.25
449,27,NP,NM,119,0.16,0.16,0.14,9.53,9.46,9.55,95,65,80,8.72
450,8,P,M,61,0.47,0.39,0.48,8.26,8.21,8.09,86,48,65,8.22
451,17,NP,NM,101,0.2,0.2,0.16,9.49,9.4,9.41,95,,,
452,25,NP,M,75,0.17,0.18,0.18,8.83,8.87,8.81,95,72,79,8.85
453,29,P,M,67,0.3,0.3,0.29,8.01,8.14,8.16,95,88,66,8.25
454,13,P,NM,131,0.16,0.14,0.14,9.68,9.67,9.71,95,,,
455,13,NP,M,38,0.07,0.07,0.07,6.51,6.41,6.46,95,100,37,6.99
456,17,P,NM,86,0.18,0.18,0.17,8.3,8.31,9.4,95,,,
457,12,P,M,63,0.2,0.21,0.23,8.19,8.2,8.22,95,102,68,8.82
458,26,NP,M,55,0.12,0.12,0.17,7.31,7.48,7.38,95,116,61,8.15
459,13,P,M,79,0.23,0.22,0.21,8.54,8.47,8.54,95,88,73,8.5
460,2,NP,NM,109,0.18,0.2,0.21,10.24,10.24,10.11,95,190,126,10.86
461,3,P,M,91,0.26,0.27,0.26,8.89,8.96,8.87,95,100,96,9.55
462,15,NP,M,86,0.22,0.22,0.23,9.06,9.07,9.17,95,34,35,6.46
463,8,P,NM,70,0.19,0.21,0.19,8.4,8.39,8.41,95,,,
464,9,NP,M,93,0.18,0.19,0.17,9.49,9.48,9.55,95,30,27,6.06
465,5,NP,NM,101,0.18,0.18,0.17,9.6,9.64,9.51,95,,,
466,6,NP,NM,111,0.06,0.06,0.05,9.88,9.86,9.86,95,,,
467,22,P,NM,126,0.19,0.19,0.19,10,10.03,10.11,95,,,
468,8,P,NM,118,0.28,0.28,0.28,9.69,9.71,9.81,95,,,
469,7,P,NM,115,0.26,0.27,0.28,9.95,9.96,10.06,95,,,
470,21,NP,NM,104,0.13,0.13,0.14,9.7,9.71,9.76,95,167,172,11.52
471,17,NP,M,62,0.16,0.14,0.13,7.76,7.76,7.87,95,65,34,6.99
472,19,P,NM,203,0.44,0.43,0.43,11.6,11.69,11.59,95,,,
473,4,NP,M,76,0.16,0.16,0.17,9.23,9.29,9.31,95,67,83,9.1
474,25,P,M,150,0.23,0.23,0.23,10.78,10.68,10.66,95,74,136,10.13
475,4,NP,NM,18,0.01,0.02,0.01,5.3,5.33,5.37,95,,,
476,9,NP,M,69,0.21,0.21,0.21,8.04,8.08,8.04,95,67,72,8.06
477,1,P,M,97,0.24,0.22,0.21,9.22,9.26,9.2,95,83,98,9.37
478,16,NP,NM,123,0.17,0.19,0.2,9.37,9.34,9.41,95,132,133,9.87
479,15,P,M,104,0.33,0.33,0.32,9.73,9.75,9.46,95,74,110,9.87
480,18,NP,NM,68,0.09,0.08,0.08,8.61,8.63,8.64,95,,,
481,27,P,M,81,0.23,0.21,0.19,9.27,9.27,9.27,95,114,88,9.25
482,21,NP,M,95,0.2,0.2,0.2,9.32,9.4,9.4,95,59,86,9.07
483,24,NP,M,39,0.14,0.18,0.18,7.08,7.05,7.07,95,95,38,7.08
484,23,P,NM,297,0.24,0.25,0.27,13.08,13.11,13.19,95,,,
485,19,NP,NM,178,0.19,0.21,0.19,10.63,10.51,10.55,95,125,211,11.49
486,18,P,NM,63,0.23,0.23,0.22,7.97,8.13,7.97,96,180,140,11.58
487,1,P,M,54,0.23,0.21,0.21,7.25,7.31,7.32,96,100,64,7.99
488,3,P,M,123,0.29,0.26,0.26,9.85,9.79,9.85,96,,,
489,19,NP,M,58,0.13,0.12,0.1,7.88,7.9,7.94,96,95,58,7.88
490,30,NP,M,63,0.04,0.07,0.05,7.94,7.9,7.9,96,,,
491,25,P,M,185,0.31,0.31,0.31,11.27,11.22,11.16,96,102,192,11.63
492,19,NP,NM,98,0.2,0.2,0.22,8.94,9.06,8.91,96,,,
493,2,P,M,,,,,,,,,72,52,7.78
494,26,P,NM,146,0.18,0.17,0.16,10.4,10.43,10.36,96,,,
495,20,P,M,79,0.18,0.17,0.16,8.36,8.35,8.42,96,,,
496,17,NP,M,31,0.06,0.09,0.06,5.96,6.06,6.13,96,72,26,5.94
497,1,NP,NM,55,0.16,0.17,0.18,7.51,7.48,7.61,96,170,172,10.87
498,17,NP,M,94,0.18,0.19,0.13,8.99,9.01,9.02,96,67,72,8.57
499,27,P,M,97,0.26,0.26,0.28,9.56,9.57,9.6,96,80,95,9.62
500,21,P,M,70,0.2,0.12,0.25,7.98,7.94,7.86,83,67,78,9.84
501,13,NP,M,63,0.13,0.12,0.12,7.81,7.81,7.81,96,32,10,4.43
502,10,NP,M,56,0.11,0.09,0.08,8.36,8.42,8.38,96,86,66,8.1
503,1,NP,NM,36,0.14,0.18,0.14,6.38,6.34,6.39,96,170,86,8.81
504,13,P,M,91,0.25,0.25,0.26,8.98,9.04,8.97,96,107,82,8.71
505,12,P,M,64,0.19,0.2,0.15,7.96,8.04,8.05,96,100,67,8.53
506,11,P,M,90,0.21,0.22,0.21,8.92,9.06,8.98,96,109,91,9.33
507,15,NP,M,36,0.1,0.14,0.14,6.7,6.74,6.8,96,142,125,9.5
508,4,P,NM,68,0.19,0.19,0.2,8.63,8.49,8.55,96,,,
509,18,NP,M,21,0.06,0.04,0.04,5.75,5.74,5.83,96,72,17,5.52
510,18,NP,NM,71,0.14,0.15,0.15,8.05,7.96,8.08,96,170,129,10.48
511,29,NP,M,77,0.11,0.13,0.14,8.5,8.49,8.43,96,100,60,8.88
512,24,NP,M,67,0.17,0.17,0.17,7.64,7.73,7.78,96,109,62,7.9
513,4,P,M,112,0.19,0.18,0.19,10.66,10.52,10.61,96,,,
514,7,P,M,162,0.27,0.28,0.27,10.86,10.83,10.8,96,,,
515,14,P,M,136,0.17,0.15,0.16,10.89,10.88,10.91,96,80,147,10.81
516,24,P,M,70,0.27,0.28,0.27,8.33,8.22,8.24,96,86,79,8.73
517,13,P,M,122,0.18,0.19,0.14,9.22,9.37,9.37,96,109,112,9.05
518,13,P,M,116,0.23,0.24,0.24,9.48,9.42,9.46,96,80,103,9.41
519,21,NP,NM,107,0.11,0.14,0.12,9.34,9.31,9.46,96,205,49,7.41
520,24,P,NM,189,0.41,0.42,0.42,11.83,11.81,11.88,96,72,187,11.75
521,11,P,M,64,0.16,0.18,0.16,8.26,8.36,8.24,96,86,62,8.11
522,11,NP,M,64,0.12,0.17,0.15,8.41,8.48,8.55,96,80,61,8.44
523,5,NP,NM,56,0.09,0.1,0.1,5.38,5.28,5.37,96,,,
524,7,NP,M,130,0.22,0.25,0.21,10.36,10.31,10.33,96,93,134,10.55
525,7,NP,M,47,0.1,0.13,0.14,7.41,7.48,7.52,96,67,51,7.47
526,1,P,M,75,0.27,0.23,0.21,8,8.03,8.07,96,80,75,8.57
527,24,NP,NM,11,0.08,0.08,0.07,4.79,4.81,4.83,96,209,80,8.23
528,28,NP,NM,78,0.14,0.17,0.16,8.6,8.48,8.58,96,,,
529,20,P,M,115,0.21,0.21,0.21,9.69,9.63,9.71,96,107,143,10.2
530,22,NP,NM,215,0.19,0.19,0.17,11.55,11.66,11.63,96,,,
531,20,NP,M,74,0.2,0.18,0.18,6.38,6.4,6.36,96,67,32,6.87
532,27,P,NM,96,0.11,0.17,0.11,9.25,9.18,9.26,96,100,104,9.53
533,4,NP,M,30,0.07,0.07,0.03,6.23,6.22,6.2,96,59,21,5.73
534,24,P,M,58,0.16,0.17,0.16,7.56,7.63,7.66,96,86,57,7.51
535,22,NP,NM,157,0.1,0.11,0.09,10.8,10.73,10.73,96,,,
536,27,NP,M,39,0.11,0.11,0.08,7.02,7.06,6.96,96,72,52,7.57
537,26,P,M,71,0.19,0.2,0.19,8.67,8.7,8.71,96,65,61,8.35
538,19,NP,NM,47,0.13,0.12,0.14,7.74,7.81,7.79,96,142,68,8.56
539,5,P,M,86,0.19,0.2,0.22,9.08,9.1,9.28,96,80,95,9.38
540,14,P,M,51,0.18,0.18,0.19,8.29,8.2,8.21,96,,,
541,19,NP,M,44,0.12,0.11,0.1,6.81,6.83,6.9,96,130,38,6.8
542,14,P,M,53,0.32,0.28,0.23,9.03,9.12,8.76,83,100,99,9.62
543,23,P,M,151,0.35,0.36,0.36,11.09,10.98,11.19,96,83,177,10.76
544,1,P,NM,45,0.17,0.17,0.17,6.97,6.97,7.02,96,,,
545,4,NP,NM,153,0.23,0.22,0.2,10.92,11.08,10.98,96,,,
546,13,NP,NM,75,0.13,0.14,0.14,8.2,8.17,8.25,96,149,229,11.81
547,12,P,M,61,0.18,0.18,0.15,7.41,7.47,7.46,96,100,65,8.2
548,12,NP,M,17,0.02,0.04,0.01,5.04,5.09,5.13,96,104,50,7.64
549,12,NP,NM,64,0.15,0.19,0.2,8.38,8.41,8.48,96,,,
550,4,P,M,89,0.19,0.2,0.19,10.07,9.92,9.93,96,,,
551,3,NP,NM,149,0.22,0.24,0.21,10.47,10.48,10.53,96,,,
552,20,P,NM,125,0.4,0.42,0.45,9.6,9.67,9.71,96,67,95,9.47
553,20,NP,NM,209,0.16,0.18,0.17,11.9,11.93,12,96,,,
554,2,P,NM,175,0.32,0.32,0.31,11.83,11.89,11.84,96,,,
555,7,P,NM,174,0.28,0.29,0.3,10.91,11.05,11.09,96,180,261,13.46
556,9,P,M,83,0.34,0.32,0.35,9.03,9.15,9.19,80,59,87,8.61
557,16,P,M,86,0.08,0.07,0.08,8.42,8.41,8.42,96,121,103,9.01
558,21,NP,M,70,0.14,0.12,0.13,8.3,8.31,8.44,96,95,70,8.31
559,6,NP,NM,85,0.07,0.07,0.08,8.67,8.77,8.7,96,,,
560,9,P,M,80,0.25,0.26,0.29,8.75,8.76,8.61,96,65,67,8.41
561,17,P,NM,135,0.34,0.34,0.36,9.9,9.91,9.98,96,,,
562,25,NP,NM,189,0.22,0.21,0.25,10.9,11,10.92,96,135,216,11.32
563,2,P,M,65,0.19,0.24,0.19,8.02,8.05,8.03,88,121,109,10.11
564,7,NP,NM,171,0.15,0.16,0.16,11.24,11.25,11.29,96,,,
565,9,P,NM,84,0.24,0.28,0.28,9.19,8.81,8.87,83,,,
566,2,NP,M,71,0.15,0.13,0.13,7.6,7.6,7.61,96,83,52,8.11
567,30,NP,M,110,0.23,0.22,0.21,9.24,9.11,9.24,96,,,
568,25,P,M,43,0.12,0.13,0.11,7.45,7.7,6.98,80,20,48,7.35
569,4,NP,NM,95,0.11,0.11,0.13,9.52,9.46,9.46,96,,,
570,12,P,NM,99,0.34,0.33,0.35,9.28,9.37,9.41,96,,,
571,14,P,M,43,0.07,0.05,0.06,7.98,8.03,8.1,96,102,45,8.3
572,10,P,M,112,0.18,0.17,0.17,10.73,10.74,10.81,96,,,
573,21,P,M,44,0.24,0.26,0.24,7.77,7.9,7.74,96,72,58,7.56
574,10,NP,M,87,0.18,0.18,0.17,9.3,9.26,9.22,96,144,71,8.77
575,16,NP,M,72,0.14,0.14,0.13,8.17,8.2,8.22,96,93,76,8.21
576,18,P,NM,95,0.15,0.12,0.15,9.29,9.36,9.23,96,,,
577,5,P,M,86,0.2,0.21,0.22,8.89,8.98,8.93,96,80,85,9.17
578,7,NP,NM,64,0.2,0.2,0.17,8.06,7.99,8.01,96,,,
579,28,P,M,87,0.22,0.23,0.25,8.63,8.65,8.73,96,107,85,8.82
580,7,P,NM,203,0.3,0.3,0.31,11.68,11.63,11.68,96,72,191,11.59
581,4,P,M,75,0.04,0.03,0.07,9.04,8.96,9.03,96,135,91,9.65
582,15,P,NM,158,0.14,0.1,0.1,11.4,11.41,11.46,96,,,
583,25,P,NM,203,0.4,0.4,0.43,11.73,11.78,11.79,96,,,
584,9,P,NM,200,0.36,0.35,0.35,11.91,11.81,11.8,96,137,236,12.94
585,20,P,NM,201,0.14,0.11,0.12,11.29,11.3,11.27,96,,,
586,3,P,NM,51,0.26,0.26,0.29,7.87,7.77,7.86,96,,,
587,13,NP,M,45,0.19,0.18,0.17,7.37,7.32,7.19,96,86,44,7.32
588,5,NP,NM,124,0.12,0.14,0.16,9.98,9.93,10.04,96,,,
589,28,NP,M,15,0.01,0.01,0.01,4.23,4.15,4.33,96,,,
590,8,NP,M,10,0.04,0.03,0.04,4.72,,,83,65,12,4.72
591,3,P,M,35,0.21,0.26,0.21,6.51,6.54,6.6,86,,,
592,24,NP,M,82,0.1,0.14,0.14,8.12,8.12,8.26,96,,,
593,29,NP,M,90,0.07,0.02,0.09,9,9.14,9.09,96,65,34,6.47
594,21,NP,M,94,0.18,0.12,0.12,9.23,9.17,9.32,96,137,83,9.34
595,1,P,M,82,0.15,0.17,0.23,8.83,9.22,9.14,96,86,91,8.7
596,22,P,M,101,0.17,0.17,0.17,9.2,9.13,9.17,96,100,97,9.01
597,22,P,NM,171,0.3,0.3,0.32,10.76,10.78,10.79,96,,,
598,23,NP,M,86,0.08,0.09,0.09,8.19,8.17,8.26,96,80,72,8.59
599,26,P,M,74,0.22,0.23,0.24,8.64,8.59,8.63,96,93,75,8.25
600,26,P,NM,169,0.32,0.32,0.33,11.3,11.42,11.38,96,,,
601,8,P,M,99,0.2,0.21,0.23,8.61,8.74,8.68,96,59,79,8.45
602,13,P,NM,67,0.18,0.2,0.21,8.25,8.27,8.36,96,,,
603,17,P,NM,100,0.29,0.29,0.29,9.33,9.37,9.41,96,,,
604,9,P,NM,108,0.26,0.24,0.26,9.91,10.08,9.52,83,,,
605,23,P,NM,258,0.07,0.07,0.08,12.64,12.63,12.68,96,,,
606,15,P,M,90,0.17,0.19,0.19,8.18,8.12,8.15,96,72,89,8.19
607,25,P,NM,238,0.39,0.38,0.39,12.16,12.18,12.28,96,,,
608,19,NP,NM,90,0.16,0.17,0.16,8.84,8.76,8.8,96,142,140,9.68
609,7,NP,M,64,0.17,0.18,0.16,8.09,8.06,7.97,96,74,67,8.03
610,27,P,M,53,0.15,0.16,0.18,7.5,7.58,7.51,96,83,51,7.66
611,29,P,NM,127,0.18,0.2,0.15,10.14,10.26,10.08,96,,,
612,12,NP,M,32,0.05,0.02,0.01,6.58,6.57,6.64,96,144,36,6.5
613,18,NP,NM,91,0.07,0.08,0.12,9.02,9.06,8.89,96,221,204,11.47
614,1,P,M,70,0.18,0.19,0.19,8.44,8.45,8.58,96,102,74,8.91
615,20,NP,NM,141,0.2,0.2,0.21,10.38,10.37,10.46,96,240,119,10.07
616,29,NP,M,112,0.1,0.1,0.08,9.34,9.34,9.41,96,32,20,5.9
617,23,NP,M,55,0.12,0.06,0.13,7.36,7.66,7.71,80,53,59,7.33
618,19,NP,M,46,0.16,0.16,0.17,6.9,6.71,6.9,96,67,38,6.82
619,14,NP,NM,164,0.2,0.19,0.18,11.28,11.26,11.32,96,,,
620,25,NP,M,88,0.1,0.12,0.12,8.67,8.69,8.71,96,95,78,8.77
621,2,NP,M,79,0.25,0.25,0.21,9.02,9.06,9.1,96,65,84,9.01
622,30,P,M,86,0.17,0.17,0.17,8.79,8.75,8.68,96,116,82,9.25
623,18,P,M,79,0.18,0.19,0.18,9.09,9.15,9.19,96,80,78,8.78
624,2,NP,NM,160,0.34,0.36,0.35,11.79,11.8,11.86,96,219,278,13.72
625,25,NP,M,66,0.21,0.23,0.24,7.57,7.47,7.6,96,59,60,7.78
626,23,P,NM,180,0.36,0.37,0.36,11.62,11.63,11.69,96,136,271,13.31
627,16,P,M,118,0.3,0.29,0.29,9.67,9.68,9.69,96,86,118,9.86
628,25,P,M,63,0.29,0.29,0.31,8.96,8.97,8.96,96,83,82,8.92
629,30,P,M,27,0.14,0.12,0.14,6.12,6.17,6.2,96,83,30,6.27
630,3,P,M,48,0.21,0.23,0.27,6.87,6.78,6.79,96,80,54,7.42
631,26,NP,NM,143,0.2,0.2,0.19,10.36,10.28,10.22,96,,,
632,9,NP,M,119,0.19,0.17,0.17,10.13,10.28,10.22,96,80,125,10.36
633,15,NP,M,38,0.05,0.01,0.05,6.31,6.38,6.33,96,59,26,5.66
634,26,NP,NM,48,0.14,0.13,0.14,7.51,7.53,7.51,96,167,108,9.59
635,9,NP,NM,123,0.07,0.06,0.07,9.96,9.97,9.96,96,111,124,10.2
636,19,P,M,61,0.15,0.14,0.15,7.67,7.77,7.86,96,83,61,7.97
637,12,P,M,47,0.25,0.25,0.26,6.75,6.81,6.76,96,80,46,7.1
638,14,NP,M,24,0.02,0.02,0.02,6.14,6.21,6.18,96,86,23,6.21
639,8,P,M,123,0.39,0.39,0.4,9.82,9.85,9.89,96,83,131,10.48
640,17,P,M,105,,,,9.69,9.63,9.69,96,80,108,10.24
641,12,NP,NM,107,0.27,0.25,0.26,9.7,9.6,9.61,96,80,110,9.88
642,9,P,NM,117,0.15,0.18,0.15,9.6,9.64,9.71,96,,,
643,19,P,NM,213,0.42,0.45,0.43,11.5,11.55,11.48,96,,,
644,8,P,M,147,0.26,0.26,0.25,9.86,9.83,9.81,96,39,68,8.35
645,23,P,M,94,0.25,0.26,0.25,9,9.02,8.63,80,80,94,9
646,10,P,NM,126,0.07,0.05,0.03,9.8,9.91,9.86,96,20,59,7.87
647,10,P,NM,175,0.3,0.29,0.29,11.48,11.43,11.47,96,59,100,9.27
648,26,P,NM,108,0.3,0.32,0.29,9.63,9.54,9.66,96,48,40,7.01
649,11,P,M,19,0.11,0.09,0.09,5.3,5.52,5.4,96,130,30,6.02
650,12,NP,M,12,0.01,0.01,0.01,4.32,4.3,4.4,96,158,56,7.96
651,7,NP,M,163,0.26,0.27,0.26,10.73,10.7,10.72,96,93,173,11.02
652,29,P,NM,119,0.32,0.32,0.32,9.97,10.01,9.99,96,53,52,8.01
653,23,P,M,221,0.33,0.35,0.37,12.35,12.23,12.27,96,107,223,12.38
654,11,NP,M,,,,,,,,,59,25,6.32
655,12,P,NM,57,0.26,0.26,0.3,7.62,7.63,7.67,96,104,75,8.46
656,5,NP,M,44,0.09,0.09,0.09,6.66,6.69,6.72,96,86,46,6.62
657,7,NP,NM,102,0.16,0.16,0.16,9.52,9.55,9.53,96,,,
658,28,P,NM,192,0.41,0.42,0.41,11.2,11.28,11.3,96,20,71,8.39
659,12,NP,NM,40,0.18,0.18,0.18,6.82,6.8,6.79,96,,,
660,4,P,NM,187,0.08,0.09,0.1,12.17,12.26,12.28,96,,,
661,19,P,NM,170,0.27,0.28,0.28,10.95,11.05,11.04,96,219,218,11.42
662,2,P,M,82,0.22,0.21,0.2,8.62,8.78,8.79,96,107,87,9.41
663,22,P,NM,153,0.29,0.29,0.29,10.63,10.64,10.57,96,48,95,9.7
664,6,NP,M,61,0.17,0.18,0.19,8.28,8.25,8.38,96,100,63,8.51
665,10,NP,NM,177,0.17,0.19,0.19,11.71,11.7,11.81,96,,,
666,14,P,NM,137,0.3,0.3,0.32,10.96,10.96,10.97,96,,,
667,15,P,M,114,0.31,0.33,0.32,9.93,9.95,9.96,96,83,119,10
668,12,P,M,86,0.42,0.42,0.42,9.06,9.08,9.05,96,102,83,9.57
669,1,NP,M,40,0.14,0.14,0.13,7.21,7.2,7.3,96,114,49,7.49
670,10,NP,M,59,0.09,0.09,0.09,7.95,8.03,8.04,96,149,54,8.08
671,8,P,NM,185,0.37,0.34,0.34,11.04,11.12,11.15,96,48,72,8.17
672,20,NP,NM,94,0.16,0.16,0.16,9.67,9.67,9.79,96,149,166,11.35
673,29,NP,NM,153,0.2,0.2,0.19,10.45,10.53,10.47,96,286,272,11.64
674,10,NP,NM,166,0.15,0.17,0.17,11.02,11.08,10.86,96,221,211,12.12
675,5,NP,M,94,0.18,0.17,0.21,9.43,9.37,9.28,96,93,106,9.27
676,24,NP,NM,92,0.17,0.14,0.17,9.19,9.19,9.27,96,205,214,12.09
677,13,NP,NM,114,0.22,0.21,0.24,9.85,9.81,9.84,96,,,
678,29,NP,M,132,0.15,0.13,0.11,10.06,10.13,10.01,96,65,116,9.92
679,2,P,NM,111,0.35,0.3,0.31,10.18,10.15,10.16,96,177,106,10.57
680,23,NP,NM,283,0.2,0.19,0.19,12.87,12.78,12.86,96,,,
681,5,NP,NM,112,0.22,0.18,0.19,9.87,9.9,9.89,96,198,168,11.38
682,9,P,M,163,0.37,0.38,0.39,11.21,11.17,11.1,96,100,158,10.88
683,3,NP,M,14,0.03,0.02,0.02,5.27,5.13,5.15,96,121,26,6.13
684,6,P,NM,231,0.44,0.44,0.46,12.62,12.52,12.53,97,,,
685,17,P,M,122,0.23,0.22,0.25,9.77,9.78,9.86,97,107,113,9.95
686,5,NP,M,108,0.14,0.13,0.12,9.03,9.17,9.11,97,32,11,4.77
687,11,NP,NM,84,0.15,0.18,0.11,9.2,9.41,9.24,97,59,48,7.5
688,19,NP,M,104,0.12,0.11,0.12,9.13,9.02,9.11,97,88,96,9.21
689,3,NP,M,49,0.1,0.11,0.8,7.54,7.54,7.65,97,95,55,7.39
690,28,P,M,138,0.34,0.34,0.32,10.13,10.11,10.08,97,100,124,10.02
691,3,P,NM,47,0.15,0.17,0.15,7.29,7.14,7.17,97,37,29,6.45
692,1,NP,M,42,0.1,0.12,0.12,6.81,6.86,6.76,97,88,48,7.04
693,1,NP,M,68,0.08,0.07,0.07,8.34,8.44,8.28,97,88,63,7.78
694,11,P,M,73,0.21,0.24,0.23,8.84,8.39,8.88,86,80,70,8.4
695,6,NP,M,19,0.01,0.01,0.01,5.45,5.5,5.6,97,53,11,4.98
696,10,NP,NM,134,0.08,0.08,0.12,10.96,10.88,10.98,97,,,
697,16,NP,M,111,0.2,0.2,0.2,9.73,9.8,9.79,97,53,97,9.22
698,27,NP,NM,151,0.16,0.17,0.16,10.7,10.74,10.73,97,72,109,9.67
699,6,NP,NM,65,0.13,0.11,0.13,8.2,8.27,8.2,97,,,
700,1,P,NM,92,0.01,0.01,0.01,9.09,9.13,9.07,97,177,196,11.5
701,26,P,M,33,0.15,0.14,0.17,7.81,7.83,7.91,97,80,45,7.1
702,14,P,NM,144,0.38,0.31,0.31,11.27,11.19,11.28,97,,,
703,4,P,NM,85,0.2,0.22,0.2,9.5,9.57,9.62,97,,,
704,30,NP,NM,97,0.13,0.13,0.12,8.86,8.82,8.88,97,,,
705,4,P,M,23,0.1,0.1,0.1,5.87,5.89,5.79,97,,,
706,28,NP,NM,20,0.15,0.16,0.11,5.6,5.64,5.63,97,135,41,6.9
707,14,NP,M,68,0.05,0.07,0.05,8.02,7.98,8.08,97,95,77,7.86
708,15,NP,M,48,0.18,0.17,0.11,7.18,7.15,7.15,97,116,42,7.84
709,16,P,M,74,0.3,0.27,0.28,8.45,8.54,8.59,97,65,80,8.58
710,22,NP,M,52,0.09,0.05,0.06,7.51,7.48,7.48,97,72,19,5.9
711,13,P,M,54,0.15,0.11,0.18,7.8,7.01,7.57,86,67,55,7.42
712,29,NP,M,62,0.07,0.08,0.04,7.81,7.91,7.91,97,95,63,8
713,9,NP,M,115,0.11,0.13,0.11,9.88,9.91,9.99,97,83,118,9.99
714,15,P,NM,83,0.33,0.33,0.31,8.62,8.71,8.58,97,198,92,8.99
715,11,NP,NM,212,0.16,0.17,0.17,12.33,12.24,12.26,97,135,129,10.86
716,28,NP,M,96,0.16,0.19,0.19,8.86,9.03,9.06,97,109,99,9.11
717,8,NP,NM,15,0.15,0.12,0.15,4.95,4.89,5.01,97,,,
718,3,NP,NM,99,0.15,0.16,0.18,9.57,9.58,9.62,97,,,
719,24,NP,NM,8,0.01,0.02,0.01,4.3,4.31,4.27,97,230,162,10.76
720,21,NP,NM,85,0.2,0.18,0.18,8.94,9.04,8.91,97,128,159,10.83